Dosya Adı,time_days,semi_major_axis_km,eccentricity,inclination_deg,raan_deg,arg_perigee_deg,mean_anomaly_deg
eledebtrain001.dat,-1935.000000,42276.740000,0.050749,13.461400,107.713100,188.882300,5.853900
eledebtrain001.dat,-255.000000,42276.710000,0.180496,13.448900,194.617500,21.486800,357.899700
eledebtrain001.dat,6195.000000,42282.780000,0.047069,11.017000,75.741000,279.134500,362.381800
eledebtrain001.dat,6385.000000,42321.280000,0.188296,10.941200,168.159800,92.036600,355.899700
eledebtrain002.dat,-715.000000,42192.720000,0.407214,28.194000,351.599500,272.540500,357.011300
eledebtrain002.dat,-235.000000,42271.820000,0.063758,27.253100,112.556000,338.924600,348.311200
eledebtrain002.dat,755.000000,42296.680000,0.365066,22.361600,154.321200,302.857400,324.225900
eledebtrain002.dat,1125.000000,42227.960000,0.352171,19.590600,11.400600,313.647200,321.935600
eledebtrain002.dat,1725.000000,42306.900000,0.379181,13.970400,222.560600,252.517200,312.304000
eledebtrain002.dat,2525.000000,42272.050000,0.433681,6.467400,244.244400,281.239200,318.720700
eledebtrain002.dat,3215.000000,42250.280000,0.431645,4.758900,15.919400,196.879700,25.220500
eledebtrain002.dat,4665.000000,42244.260000,0.435680,18.860900,206.654000,176.528400,35.054300
eledebtrain002.dat,6615.000000,42267.420000,0.251112,26.366300,129.085300,266.926500,355.394000
eledebtrain002.dat,7295.000000,42265.120000,0.381356,24.622000,255.539000,249.613700,340.400200
eledebtrain003.dat,3695.000000,42284.330000,0.101188,16.648700,256.310600,261.131200,348.999400
eledebtrain003.dat,6515.000000,42332.920000,0.106509,13.672200,218.379900,337.857800,315.696900
eledebtrain003.dat,6945.000000,42301.080000,0.109302,13.021700,159.993900,349.352500,307.792900
eledebtrain004.dat,-2935.000000,42225.810000,0.817654,9.370700,340.973700,357.793500,256.541700
eledebtrain004.dat,-1215.000000,42278.070000,0.811149,27.297800,158.708800,188.676200,311.282100
eledebtrain004.dat,-915.000000,42274.000000,0.822097,19.262800,115.704600,181.607200,283.543800
eledebtrain004.dat,1565.000000,42174.800000,0.693591,9.069600,99.467200,200.766500,148.417300
eledebtrain004.dat,2315.000000,42233.020000,0.354375,34.245900,249.753600,302.985400,25.262000
eledebtrain004.dat,4505.000000,42139.290000,0.659685,31.157400,236.821400,35.571200,52.160200
eledebtrain005.dat,-3875.000000,42262.410000,0.105729,3.729200,360.347600,319.550500,9.462600
eledebtrain005.dat,605.000000,42198.800000,0.099440,9.051500,94.831200,39.115700,21.075400
eledebtrain005.dat,1585.000000,42276.210000,0.156330,9.590800,272.285800,35.695700,18.143100
eledebtrain006.dat,-4575.000000,42291.350000,0.102622,3.547900,201.829600,295.582600,101.892000
eledebtrain006.dat,-2255.000000,42300.100000,0.088282,9.384700,209.125700,16.588000,60.133900
eledebtrain006.dat,-1315.000000,42187.410000,0.113087,11.546900,73.888200,37.489700,47.630300
eledebtrain006.dat,-285.000000,42275.180000,0.091801,12.782100,274.366700,62.534800,36.506900
eledebtrain006.dat,4685.000000,42210.350000,0.105744,15.988800,194.640000,211.247300,351.248600
eledebtrain006.dat,5595.000000,42247.330000,0.081013,15.801500,52.303900,234.604300,344.054900
eledebtrain007.dat,445.000000,42274.480000,0.140906,24.834600,147.273300,27.743800,299.701600
eledebtrain007.dat,1055.000000,42283.170000,0.324682,17.578900,310.149800,315.656200,271.187700
eledebtrain007.dat,1785.000000,42227.940000,0.330396,8.081300,315.866200,8.563400,217.274200
eledebtrain007.dat,3325.000000,42319.620000,0.140423,23.204500,230.263800,218.205900,69.516800
eledebtrain008.dat,-2055.000000,42310.700000,0.044360,12.654000,153.191000,317.108000,31.731200
eledebtrain008.dat,-215.000000,42231.140000,0.061252,14.711200,276.931700,351.358700,13.387700
eledebtrain008.dat,305.000000,42256.100000,0.082504,15.337600,211.543200,257.697400,8.716800
eledebtrain008.dat,1085.000000,42225.710000,0.106995,14.950100,291.685600,299.066800,2.352300
eledebtrain008.dat,1495.000000,42272.210000,0.121254,14.866000,140.006200,321.069800,365.533400
eledebtrain008.dat,2075.000000,42282.440000,0.004596,14.500100,197.848500,94.085700,349.812300
eledebtrain008.dat,3285.000000,42285.210000,0.088621,14.378300,301.364100,334.132100,352.810800
eledebtrain008.dat,4095.000000,42236.110000,0.118760,13.410700,3.040800,27.724600,338.500900
eledebtrain008.dat,6595.000000,42246.240000,0.055779,10.575100,314.081000,39.753500,323.706300
eledebtrain008.dat,7095.000000,42331.970000,0.124061,9.382100,80.705700,117.857800,320.430700
eledebtrain009.dat,-2675.000000,42190.410000,0.182362,22.311200,114.284800,159.978000,292.734100
eledebtrain009.dat,-945.000000,42241.740000,0.179005,41.933000,27.813200,135.707600,358.514200
eledebtrain009.dat,-445.000000,42264.960000,0.735690,32.943700,239.219000,228.303900,315.802300
eledebtrain009.dat,-205.000000,42190.840000,0.572407,30.767800,286.210700,174.484400,301.160400
eledebtrain009.dat,575.000000,42263.140000,0.703271,22.757600,221.394900,22.252100,95.918800
eledebtrain009.dat,815.000000,42171.810000,0.597384,23.882100,300.161900,347.304100,62.857400
eledebtrain009.dat,2505.000000,42195.600000,0.622161,25.640200,290.911900,333.722200,280.775500
eledebtrain009.dat,3085.000000,42176.170000,0.108318,11.357700,349.610200,37.930400,94.242000
eledebtrain009.dat,6985.000000,42270.190000,0.657675,43.620100,201.432300,324.457000,330.139000
eledebtrain010.dat,695.000000,42189.070000,0.031217,18.928300,48.258800,236.193700,308.884300
eledebtrain010.dat,2075.000000,42300.990000,0.238899,14.643200,317.560800,40.912900,60.601100
eledebtrain010.dat,2505.000000,42229.300000,0.153986,22.157100,318.183200,253.778000,47.709300
eledebtrain010.dat,2985.000000,42280.300000,0.592548,30.025100,69.393200,326.085600,29.425500
eledebtrain010.dat,5965.000000,42288.660000,0.175430,0.475300,327.575600,334.927400,354.657500
eledebtrain010.dat,6515.000000,42295.440000,0.596457,11.015900,220.647500,164.348700,68.949000
eledebtrain010.dat,7275.000000,42285.000000,0.574576,30.399400,272.569300,195.038300,39.933100
eledebtrain011.dat,4305.000000,42237.250000,0.065246,12.068200,300.595800,341.417700,329.523000
eledebtrain011.dat,5845.000000,42321.410000,0.075726,10.125400,102.346900,21.431600,313.590600
eledebtrain012.dat,5485.000000,42229.240000,0.142057,10.420000,126.295600,322.529500,341.743400
eledebtrain012.dat,5895.000000,42191.080000,0.142452,10.226800,21.481800,330.996100,336.323600
eledebtrain012.dat,6465.000000,42320.220000,0.070877,9.539600,273.336900,329.972900,340.778100
eledebtrain012.dat,6875.000000,42274.350000,0.092956,8.975700,185.683600,340.420100,327.812100
eledebtrain013.dat,305.000000,42259.250000,0.043026,15.099700,346.219300,167.865200,47.696600
eledebtrain013.dat,1585.000000,42301.870000,0.159794,18.398900,38.986800,19.583700,33.281400
eledebtrain013.dat,3255.000000,42261.330000,0.047727,22.213100,335.103400,215.124400,14.799700
eledebtrain013.dat,3525.000000,42296.800000,0.134165,22.560700,337.643800,119.346900,11.876300
eledebtrain013.dat,3925.000000,42280.370000,0.110265,22.665800,161.821000,149.934800,6.671200
eledebtrain013.dat,4245.000000,42297.890000,0.145563,22.869700,74.427400,123.976100,2.776300
eledebtrain013.dat,5265.000000,42303.370000,0.151334,23.078800,104.693700,94.399400,344.192500
eledebtrain013.dat,6425.000000,42208.660000,0.157906,21.605200,362.037700,151.736900,328.341200
eledebtrain013.dat,6675.000000,42281.390000,0.103626,21.290100,340.511900,82.394100,330.252800
eledebtrain013.dat,6865.000000,42335.480000,0.127897,20.392800,149.539000,208.094900,331.997500
eledebtrain013.dat,7295.000000,42216.120000,0.066608,19.408900,289.016500,268.003300,317.660000
eledebtrain014.dat,875.000000,42264.540000,0.061964,12.042600,170.338300,324.057800,10.358000
eledebtrain014.dat,1135.000000,42269.640000,0.065524,12.416200,123.664100,329.021200,8.623300
eledebtrain014.dat,2415.000000,42304.530000,0.059383,12.337600,227.551500,3.269400,1.129300
eledebtrain014.dat,2865.000000,42266.930000,0.058863,12.616800,140.967900,10.374100,365.546500
eledebtrain014.dat,3175.000000,42195.570000,0.058967,12.654100,74.554000,21.300800,359.838600
eledebtrain014.dat,4175.000000,42206.430000,0.066713,12.279000,228.447300,48.023100,347.669400
eledebtrain014.dat,4375.000000,42219.160000,0.059898,12.591600,198.245900,48.394100,346.691200
eledebtrain014.dat,4675.000000,42232.590000,0.058682,12.219800,132.695100,60.329200,343.298700
eledebtrain014.dat,4965.000000,42211.790000,0.063010,12.382600,71.912500,69.103500,340.925300
eledebtrain014.dat,5395.000000,42290.920000,0.059345,12.125000,349.371900,79.830800,343.200800
eledebtrain014.dat,6105.000000,42335.800000,0.062031,11.669000,206.984300,102.676600,329.972500
eledebtrain014.dat,6605.000000,42276.380000,0.060267,10.966800,112.344400,111.333400,329.957300
eledebtrain015.dat,5.000000,42223.180000,0.021366,17.020400,112.693000,323.625900,8.627400
eledebtrain015.dat,385.000000,42218.500000,0.025585,17.485300,7.911400,335.289800,4.517000
eledebtrain015.dat,755.000000,42257.700000,0.024500,16.879300,282.315200,351.171600,0.687300
eledebtrain015.dat,1255.000000,42288.590000,0.057828,16.942500,64.800900,85.212600,354.456200
eledebtrain015.dat,1465.000000,42224.990000,0.011835,17.010900,147.201600,317.619500,357.594200
eledebtrain015.dat,1845.000000,42310.690000,0.014349,16.464300,33.391200,346.877900,355.672400
eledebtrain015.dat,2585.000000,42234.450000,0.013045,15.977700,211.723100,349.109200,346.230500
eledebtrain015.dat,2935.000000,42186.730000,0.010639,15.441000,190.705300,298.977500,336.616300
eledebtrain015.dat,4995.000000,42304.380000,0.057290,13.448900,193.521000,192.666200,322.298700
eledebtrain015.dat,5715.000000,42289.660000,0.056173,12.491100,26.007000,197.806200,311.004800
eledebtrain015.dat,6475.000000,42312.450000,0.056415,11.054000,184.974800,235.344600,306.363300
eledebtrain015.dat,6935.000000,42267.260000,0.041771,10.214500,16.295500,302.166100,301.624100
eledebtrain015.dat,7165.000000,42338.620000,0.049723,9.459900,46.896200,224.476300,299.346100
eledebtrain016.dat,-355.000000,42268.800000,0.312156,26.863000,242.672100,325.354300,359.464800
eledebtrain016.dat,5835.000000,42277.450000,0.286686,19.121200,72.227800,277.071300,27.245400
eledebtrain016.dat,6015.000000,42285.130000,0.235535,20.522100,264.013100,24.633900,23.391400
eledebtrain016.dat,7205.000000,42256.850000,0.069986,23.193900,69.148300,212.002500,6.862900
eledebtrain017.dat,355.000000,42298.870000,0.067132,15.128400,156.180000,245.815800,15.350800
eledebtrain017.dat,1855.000000,42289.680000,0.064183,15.620700,346.755900,293.712600,3.289500
eledebtrain017.dat,2045.000000,42256.880000,0.065128,15.733200,79.325800,141.589400,1.866200
eledebtrain017.dat,3275.000000,42210.720000,0.073176,15.485900,278.303900,275.461900,353.390300
eledebtrain017.dat,3915.000000,42341.410000,0.067981,15.477300,147.018700,196.605800,353.457700
eledebtrain017.dat,4395.000000,42219.720000,0.072563,15.123400,246.943300,305.028500,342.605900
eledebtrain017.dat,5135.000000,42246.350000,0.071423,14.920700,353.659800,317.429700,331.782400
eledebtrain017.dat,5325.000000,42292.780000,0.056849,14.566800,98.461300,155.571900,333.196700
eledebtrain017.dat,5655.000000,42217.490000,0.053601,14.201300,27.844000,121.478000,326.609600
eledebtrain017.dat,6095.000000,42277.190000,0.058291,13.223500,166.495500,208.173200,326.674200
eledebtrain017.dat,6415.000000,42270.620000,0.053007,12.793600,111.626800,163.224700,325.089500
eledebtrain017.dat,7085.000000,42257.210000,0.056343,11.152500,323.495900,100.890000,313.937200
eledebtrain018.dat,225.000000,42187.010000,0.018986,15.492500,42.861800,183.318500,43.981300
eledebtrain018.dat,2575.000000,42280.190000,0.048329,18.419700,205.338300,286.058800,19.894000
eledebtrain018.dat,3665.000000,42303.450000,0.045287,19.497600,344.985600,308.680300,8.316700
eledebtrain018.dat,5245.000000,42182.930000,0.044540,20.142100,315.289300,37.315000,348.622500
eledebtrain018.dat,5595.000000,42332.930000,0.046821,19.805100,251.060600,36.748300,339.952400
eledebtrain018.dat,6305.000000,42317.050000,0.047855,18.815900,108.092300,42.410300,334.352100
eledebtrain018.dat,6925.000000,42268.660000,0.021536,17.910300,24.707200,9.350600,331.135900
eledebtrain018.dat,7175.000000,42244.790000,0.027844,18.065200,225.412100,120.895000,325.896200
eledebtrain019.dat,6315.000000,42340.950000,0.647659,11.237700,215.874000,2.271600,20.628500
eledebtrain020.dat,-3085.000000,42273.030000,0.142997,12.160000,292.405400,53.274300,72.704400
eledebtrain020.dat,-2145.000000,42324.090000,0.007012,14.994900,22.434700,61.273200,57.092300
eledebtrain020.dat,-1545.000000,42290.010000,0.135570,16.725800,150.226400,129.606300,47.230000
eledebtrain020.dat,-1255.000000,42227.260000,0.137577,17.162400,97.565800,101.826600,43.088400
eledebtrain020.dat,-865.000000,42308.250000,0.145780,17.935100,323.375300,119.135000,38.211100
eledebtrain020.dat,445.000000,42262.950000,0.007545,19.896300,228.985400,212.937400,21.046700
eledebtrain020.dat,725.000000,42333.380000,0.108642,20.444800,145.399100,213.989500,18.177900
eledebtrain020.dat,935.000000,42206.750000,0.122047,20.357100,152.492800,141.510500,15.978100
eledebtrain020.dat,2065.000000,42323.610000,0.132786,20.859300,157.948100,181.811700,3.758500
eledebtrain020.dat,4835.000000,42207.020000,0.079600,19.209200,290.021600,327.970700,335.776000
eledebtrain020.dat,7085.000000,42226.180000,0.052838,14.768200,318.729200,38.248900,306.157700
eledebtrain021.dat,-3085.000000,42222.770000,0.072049,18.354000,292.684500,108.971300,58.334500
eledebtrain022.dat,-1565.000000,42109.250000,0.834790,27.497100,265.119200,221.707100,311.688400
eledebtrain022.dat,-315.000000,42096.140000,0.629599,41.297900,206.435600,7.182200,8.816300
eledebtrain022.dat,5.000000,42114.870000,0.588057,39.098400,154.985000,353.702800,335.063600
eledebtrain022.dat,1585.000000,42025.400000,0.132307,38.968500,37.051000,100.031100,352.341300
eledebtrain022.dat,2925.000000,42007.900000,0.254906,28.446600,219.659000,305.339600,42.176200
eledebtrain022.dat,5175.000000,41930.970000,0.091316,39.359300,347.116700,327.406800,3.211200
eledebtrain022.dat,5955.000000,42058.510000,0.740348,20.296500,168.585100,147.940700,258.175100
eledebtrain023.dat,4125.000000,42323.600000,0.076152,12.556700,317.712400,41.116900,349.213000
eledebtrain023.dat,4305.000000,42292.790000,0.059151,12.578800,280.510300,48.313500,344.335500
eledebtrain023.dat,4705.000000,42268.510000,0.059510,12.658900,205.323600,55.685000,348.706600
eledebtrain023.dat,5045.000000,42297.540000,0.058508,12.233800,134.733900,67.500300,348.447100
eledebtrain023.dat,5825.000000,42299.200000,0.059434,11.962400,360.867800,86.112900,334.768700
eledebtrain023.dat,6545.000000,42279.360000,0.058531,10.854900,217.987100,110.440900,334.198300
eledebtrain023.dat,7025.000000,42269.900000,0.069475,10.158300,131.506000,115.546700,329.116300
eledebtrain024.dat,-275.000000,42205.950000,0.109077,13.282600,288.155100,288.916600,54.338600
eledebtrain024.dat,535.000000,42218.260000,0.077507,14.596700,47.246900,328.422700,45.056600
eledebtrain024.dat,1095.000000,42289.770000,0.095019,15.343000,297.437900,291.283600,39.804100
eledebtrain024.dat,1385.000000,42279.950000,0.045675,16.247700,222.485600,302.143700,35.692400
eledebtrain024.dat,3335.000000,42210.570000,0.104442,18.789300,23.260500,356.482600,15.989700
eledebtrain024.dat,7215.000000,42217.670000,0.087236,17.839700,307.359300,152.168100,327.632800
eledebtrain025.dat,-3345.000000,42249.670000,0.057685,8.858300,110.623300,166.430300,43.016600
eledebtrain025.dat,-1815.000000,42279.300000,0.055936,11.297800,257.437100,209.022300,29.436300
eledebtrain025.dat,-905.000000,42275.830000,0.052776,12.622200,136.500800,225.530600,20.641800
eledebtrain025.dat,45.000000,42244.060000,0.058131,12.885400,358.506900,259.682800,11.812400
eledebtrain025.dat,365.000000,42262.800000,0.058749,12.638700,318.653200,263.190600,9.242700
eledebtrain025.dat,1035.000000,42281.820000,0.056574,12.624700,224.682400,275.100400,4.054900
eledebtrain025.dat,2315.000000,42227.950000,0.054486,12.436600,37.151300,309.638500,357.276500
eledebtrain025.dat,2895.000000,42331.430000,0.055231,12.366800,315.349700,320.328800,358.717600
eledebtrain025.dat,3525.000000,42247.160000,0.050575,12.359300,224.807500,339.555300,352.670800
eledebtrain025.dat,3905.000000,42192.230000,0.050153,12.004000,175.415200,355.525700,341.655200
eledebtrain025.dat,4215.000000,42245.030000,0.050328,12.283200,130.204900,1.394200,344.184600
eledebtrain025.dat,5825.000000,42335.340000,0.050435,11.224400,262.453700,39.030900,333.045700
eledebtrain025.dat,6605.000000,42244.150000,0.052472,9.932300,157.197500,60.442500,325.929700
eledebtrain025.dat,7265.000000,42180.720000,0.049233,8.930600,59.763800,84.776400,312.465400
eledebtrain026.dat,-1035.000000,42325.600000,0.040936,6.741300,255.870000,322.635800,9.173300
eledebtrain026.dat,-575.000000,42220.280000,0.069134,7.028700,44.254200,88.256100,11.020300
eledebtrain026.dat,585.000000,42221.030000,0.087834,7.619100,143.489700,136.246800,16.767100
eledebtrain026.dat,2275.000000,42272.050000,0.052993,9.399800,12.409900,314.097300,22.722500
eledebtrain026.dat,3035.000000,42239.000000,0.045316,10.579100,199.549000,353.305900,21.476400
eledebtrain026.dat,4315.000000,42195.720000,0.097890,12.460700,121.312000,215.040700,15.370500
eledebtrain026.dat,4595.000000,42246.790000,0.054198,13.007700,141.727900,141.351300,13.444300
eledebtrain026.dat,4995.000000,42322.970000,0.068638,13.320000,33.692700,175.479600,10.474600
eledebtrain026.dat,5325.000000,42204.160000,0.047532,13.525200,12.845500,139.090600,7.869200
eledebtrain026.dat,6985.000000,42307.310000,0.105050,13.547400,259.242100,317.955600,357.550600
eledebtrain027.dat,1675.000000,42189.190000,0.103318,10.747700,44.614300,218.347200,322.185500
eledebtrain027.dat,2195.000000,42294.770000,0.103930,9.857500,261.029200,268.423300,323.100200
eledebtrain027.dat,2745.000000,42258.270000,0.079955,8.659100,191.917000,237.594200,323.274600
eledebtrain027.dat,3145.000000,42310.460000,0.093075,8.197500,105.746300,249.989600,326.169600
eledebtrain027.dat,3985.000000,42252.940000,0.127854,6.939900,273.692800,281.332500,325.079400
eledebtrain027.dat,4215.000000,42315.800000,0.071982,6.492900,250.004700,264.627900,317.270300
eledebtrain027.dat,4735.000000,42289.530000,0.130656,5.775300,123.254300,292.945200,322.626100
eledebtrain027.dat,4975.000000,42211.720000,0.079749,5.625800,93.082700,283.604900,328.671600
eledebtrain027.dat,5355.000000,42318.990000,0.086392,5.050900,18.366300,285.349200,320.363700
eledebtrain027.dat,5595.000000,42260.240000,0.081624,4.694200,293.245900,325.500700,331.481800
eledebtrain027.dat,6135.000000,42312.190000,0.105050,4.039700,215.060000,294.686300,331.466500
eledebtrain027.dat,6435.000000,42217.200000,0.069336,3.581000,154.069300,303.245500,336.768700
eledebtrain027.dat,7145.000000,42190.340000,0.061335,2.708300,353.245900,313.656400,344.687500
eledebtrain028.dat,-1205.000000,42258.560000,0.123063,18.033100,51.821800,197.029700,60.021800
eledebtrain028.dat,-945.000000,42280.050000,0.092776,18.895600,345.825100,239.953900,55.929800
eledebtrain028.dat,-685.000000,42235.500000,0.159079,19.261700,318.130000,245.671000,52.050800
eledebtrain028.dat,-465.000000,42232.490000,0.118653,19.258300,314.883400,221.280300,49.759300
eledebtrain028.dat,-285.000000,42323.340000,0.144496,19.840000,259.163400,266.370300,46.036100
eledebtrain028.dat,955.000000,42218.310000,0.082320,21.914300,123.688900,279.087500,29.755500
eledebtrain028.dat,2465.000000,42324.030000,0.091070,23.139100,303.036000,307.257400,12.034900
eledebtrain028.dat,3475.000000,42277.710000,0.115734,23.447600,136.426500,14.274400,366.156600
eledebtrain028.dat,3945.000000,42285.930000,0.087130,24.199500,111.220900,358.848600,358.346200
eledebtrain028.dat,4755.000000,42242.450000,0.133534,24.160700,13.410200,9.776500,349.044700
eledebtrain028.dat,5555.000000,42183.230000,0.167911,22.775700,256.956600,44.042600,336.182100
eledebtrain028.dat,6205.000000,42316.970000,0.108532,21.991300,188.715600,49.641900,324.610200
eledebtrain029.dat,-95.000000,42319.260000,0.053596,15.093800,61.136000,263.511800,353.840500
eledebtrain029.dat,265.000000,42293.990000,0.045327,15.155100,306.858400,268.173200,361.402800
eledebtrain029.dat,515.000000,42281.580000,0.054350,14.743400,149.133500,1.878400,349.119200
eledebtrain029.dat,2735.000000,42301.620000,0.061225,12.635300,194.791200,55.999700,333.513300
eledebtrain029.dat,3155.000000,42300.130000,0.030330,11.955600,65.923300,68.668300,329.893800
eledebtrain029.dat,4215.000000,42270.500000,0.068052,10.700600,104.878300,88.483900,327.572700
eledebtrain029.dat,5435.000000,42298.960000,0.020835,9.219500,163.927200,54.088500,314.362700
eledebtrain030.dat,1815.000000,42257.510000,0.053944,8.463700,234.407600,236.098900,330.658400
eledebtrain030.dat,2335.000000,42313.340000,0.053290,7.498400,144.654500,164.543600,323.985800
eledebtrain030.dat,2985.000000,42330.710000,0.024388,6.634200,225.063900,249.103900,324.071300
eledebtrain030.dat,3675.000000,42270.820000,0.057648,5.765300,359.222100,269.222700,333.157000
eledebtrain030.dat,4745.000000,42260.200000,0.079055,4.924600,22.154800,263.517600,342.945900
eledebtrain030.dat,4995.000000,42230.450000,0.075408,4.855600,352.616600,216.287600,341.751000
eledebtrain030.dat,5765.000000,42268.120000,0.086280,4.533100,89.576400,237.855100,347.532300
eledebtrain030.dat,6445.000000,42196.380000,0.060017,4.260500,247.190600,217.299100,354.752500
eledebtrain030.dat,6975.000000,42207.180000,0.082892,4.073800,23.234200,276.847000,6.608200
eledebtrain031.dat,-2735.000000,42332.140000,0.089691,38.147900,262.955400,23.335300,13.298100
eledebtrain031.dat,6655.000000,42336.040000,0.422347,8.502500,170.475100,251.801800,155.230900
eledebtrain032.dat,-3175.000000,42215.060000,0.025109,8.809100,277.970500,14.287500,26.854800
eledebtrain032.dat,-995.000000,42169.310000,0.021622,10.853300,297.547000,42.424600,11.327900
eledebtrain032.dat,1395.000000,42199.140000,0.019085,10.650700,168.502400,180.867600,357.027100
eledebtrain032.dat,4185.000000,42226.800000,0.016472,9.828000,153.540500,137.791500,352.541400
eledebtrain033.dat,-785.000000,42240.310000,0.337131,33.345900,292.593800,306.764500,341.226300
eledebtrain033.dat,615.000000,42300.040000,0.238733,9.615600,176.117600,317.388900,283.456000
eledebtrain033.dat,805.000000,42273.750000,0.535515,2.037300,331.668400,129.434700,190.047100
eledebtrain033.dat,1755.000000,42292.070000,0.541958,18.945500,196.380200,186.559000,59.730300
eledebtrain033.dat,2125.000000,42247.120000,0.570630,28.097200,328.698700,194.824500,46.449000
eledebtrain033.dat,2475.000000,42321.690000,0.564308,33.631100,119.205800,195.991400,32.801400
eledebtrain033.dat,4335.000000,42208.860000,0.550673,26.691000,15.674800,247.750700,310.213100
eledebtrain033.dat,5415.000000,42254.610000,0.498716,6.045500,84.662900,323.719300,214.601600
eledebtrain033.dat,7215.000000,42271.540000,0.440229,34.096100,83.500600,117.186900,26.573300
eledebtrain034.dat,-2905.000000,42183.170000,0.545705,37.932100,10.334500,342.299600,339.347500
eledebtrain034.dat,85.000000,42275.130000,0.380500,22.368400,218.845400,252.633100,63.980600
eledebtrain034.dat,1045.000000,42294.260000,0.564365,37.630400,134.858000,211.711100,27.896600
eledebtrain034.dat,1305.000000,42264.530000,0.358546,37.356900,141.970700,169.838100,15.857700
eledebtrain034.dat,1535.000000,42256.630000,0.252342,37.872300,343.235500,277.422900,5.117600
eledebtrain034.dat,2785.000000,42254.750000,0.545017,31.515000,235.788200,202.367100,320.963200
eledebtrain034.dat,2965.000000,42195.300000,0.182696,27.079100,115.570100,288.054600,310.832300
eledebtrain034.dat,4515.000000,42262.740000,0.401631,4.115500,19.063100,1.952900,101.786800
eledebtrain034.dat,4755.000000,42285.490000,0.187919,10.364000,224.967700,131.870000,78.169100
eledebtrain034.dat,5075.000000,42289.410000,0.360562,16.995200,186.874900,123.435500,66.151100
eledebtrain034.dat,5535.000000,42230.690000,0.172316,24.764800,245.198900,12.834400,48.646300
eledebtrain034.dat,6185.000000,42249.490000,0.159466,33.731700,7.171800,153.778500,23.524100
eledebtrain034.dat,6425.000000,42208.200000,0.552234,35.273200,18.902300,101.439600,15.893800
eledebtrain034.dat,6665.000000,42265.510000,0.436806,36.468900,46.986100,46.144400,9.774300
eledebtrain035.dat,905.000000,42184.450000,0.108964,15.773600,14.666200,44.213500,347.325700
eledebtrain035.dat,1185.000000,42299.400000,0.122052,15.923600,319.735200,34.520400,344.853200
eledebtrain035.dat,1545.000000,42294.190000,0.124381,15.305800,222.990800,41.178800,341.343900
eledebtrain035.dat,2145.000000,42198.640000,0.072148,14.520200,68.281600,60.010300,331.500200
eledebtrain035.dat,2565.000000,42322.440000,0.088492,13.910200,326.239400,58.545300,325.956700
eledebtrain035.dat,2755.000000,42261.530000,0.112576,13.811200,247.750200,92.236000,335.606200
eledebtrain035.dat,3225.000000,42177.930000,0.075826,13.137800,134.601900,98.012900,329.201500
eledebtrain035.dat,4005.000000,42201.220000,0.074294,11.950600,302.953100,108.968900,316.561000
eledebtrain035.dat,4525.000000,42308.190000,0.127084,11.324600,168.396600,121.007900,310.480600
eledebtrain035.dat,4705.000000,42281.980000,0.081138,10.913900,106.766200,138.122800,309.308000
eledebtrain035.dat,4945.000000,42191.910000,0.126262,10.739000,48.916500,140.161900,312.001500
eledebtrain035.dat,5645.000000,42281.210000,0.131366,9.305400,232.999600,151.499600,302.041600
eledebtrain035.dat,6735.000000,42257.340000,0.122151,6.904000,323.176700,181.355300,286.873000
eledebtrain036.dat,1405.000000,42165.500000,0.253455,14.589800,33.672400,201.489000,354.970500
eledebtrain036.dat,1725.000000,42197.700000,0.278088,14.526100,58.096700,188.203900,352.095600
eledebtrain036.dat,2335.000000,42201.690000,0.139360,13.954300,111.476500,142.294500,351.810400
eledebtrain036.dat,3035.000000,42227.340000,0.055353,13.176600,116.477500,147.688800,344.959300
eledebtrain036.dat,3345.000000,42211.650000,0.095122,13.025700,2.238400,264.071000,352.049800
eledebtrain036.dat,5095.000000,42265.440000,0.264072,11.385300,42.341800,250.659700,348.176200
eledebtrain036.dat,5515.000000,42256.270000,0.196890,11.277800,22.105300,270.066600,348.308500
eledebtrain036.dat,5905.000000,42191.680000,0.155264,10.793500,16.102600,280.961300,349.914900
eledebtrain036.dat,6385.000000,42283.050000,0.107537,10.238900,120.914100,184.153900,347.840200
eledebtrain037.dat,2435.000000,42172.470000,0.217683,21.890100,35.843100,162.372000,346.349900
eledebtrain037.dat,2905.000000,42255.080000,0.101927,20.831200,324.994600,211.567800,336.980300
eledebtrain037.dat,3135.000000,42270.740000,0.221620,20.603500,5.871100,159.809500,330.242400
eledebtrain037.dat,3445.000000,42259.000000,0.189994,20.099600,11.140600,140.366000,334.473600
eledebtrain037.dat,5065.000000,42308.550000,0.182550,15.264200,203.673900,239.740100,308.318100
eledebtrain038.dat,-2825.000000,42252.270000,0.138425,19.722400,90.554300,320.884200,31.790300
eledebtrain038.dat,-2105.000000,42183.980000,0.153444,21.498900,124.731500,325.665700,22.264600
eledebtrain038.dat,2335.000000,42260.620000,0.137923,17.853500,236.831200,73.757400,327.142500
eledebtrain039.dat,1665.000000,42235.710000,0.742250,15.104600,236.806700,155.140500,338.715400
eledebtrain039.dat,2195.000000,42252.380000,0.168644,12.220400,217.795200,185.963800,9.972400
eledebtrain039.dat,6315.000000,42181.870000,0.539334,25.891200,355.404000,339.936500,356.821000
eledebtrain039.dat,6715.000000,42147.950000,0.228205,22.421200,46.989600,354.677600,344.421500
eledebtrain040.dat,3975.000000,42240.340000,0.475384,9.271700,118.648200,330.260400,260.057500
eledebtrain041.dat,-4535.000000,42280.460000,0.073059,1.214600,7.061000,138.425900,20.610900
eledebtrain041.dat,-3315.000000,42322.850000,0.085218,4.069500,52.577900,180.409300,56.615200
eledebtrain041.dat,-2305.000000,42298.600000,0.076790,6.694900,243.259200,148.517900,51.518400
eledebtrain041.dat,-2015.000000,42219.790000,0.030619,7.466000,221.327400,121.264500,49.743700
eledebtrain041.dat,-1785.000000,42308.910000,0.068703,7.739600,66.205600,230.576900,48.151900
eledebtrain041.dat,-1555.000000,42307.170000,0.081011,8.310800,83.299900,170.346900,44.762000
eledebtrain041.dat,-495.000000,42210.750000,0.053200,10.092700,240.832800,171.957500,36.641600
eledebtrain041.dat,1425.000000,42186.370000,0.084287,12.147400,156.664900,244.537400,24.354000
eledebtrain041.dat,1785.000000,42186.930000,0.078405,12.512200,85.006300,247.558300,22.052100
eledebtrain041.dat,3745.000000,42287.990000,0.084954,14.708700,331.200200,342.863600,8.236200
eledebtrain041.dat,4485.000000,42225.030000,0.086992,14.938900,165.582700,3.598300,1.709000
eledebtrain041.dat,4815.000000,42219.640000,0.089833,15.226100,114.591500,346.961400,358.803600
eledebtrain041.dat,5855.000000,42198.640000,0.069740,14.977500,281.812100,347.614400,350.965200
eledebtrain041.dat,6815.000000,42211.220000,0.039352,14.177600,335.537700,112.534000,341.474500
eledebtrain042.dat,-3625.000000,42210.640000,0.036901,10.108900,228.974100,87.625000,73.009800
eledebtrain042.dat,-3085.000000,42336.550000,0.046160,11.107200,149.262100,95.130000,63.958300
eledebtrain042.dat,-485.000000,42245.610000,0.049763,15.476500,81.283000,174.458300,28.983000
eledebtrain042.dat,1055.000000,42208.570000,0.051327,16.379500,179.827900,226.654100,13.244900
eledebtrain042.dat,2095.000000,42298.040000,0.047393,16.920000,14.203900,240.597000,3.539200
eledebtrain042.dat,4195.000000,42275.780000,0.039576,16.502700,12.695000,311.765400,338.470300
eledebtrain042.dat,5275.000000,42185.990000,0.039917,15.897200,192.976600,340.273000,332.087200
eledebtrain042.dat,6775.000000,42261.790000,0.039903,14.009000,307.162900,29.275800,309.056200
eledebtrain043.dat,-985.000000,42310.720000,0.142533,13.289700,30.885000,18.303700,10.209900
eledebtrain043.dat,2145.000000,42272.490000,0.031345,12.037700,140.191300,143.978400,345.670900
eledebtrain043.dat,6745.000000,42291.280000,0.123293,8.180200,134.927100,152.066300,334.089800
eledebtrain044.dat,2795.000000,42235.830000,0.233526,8.420500,92.794100,170.953600,300.186300
eledebtrain045.dat,1945.000000,42289.280000,0.025935,22.030400,309.265300,155.221800,353.397700
eledebtrain046.dat,-4535.000000,42332.130000,0.305125,42.360000,260.555900,82.541700,344.961000
eledebtrain046.dat,-3085.000000,42243.340000,0.108770,22.172900,68.566900,121.093400,283.482000
eledebtrain046.dat,-2205.000000,42311.640000,0.527784,6.130900,151.102800,97.722600,183.736100
eledebtrain046.dat,5625.000000,42332.290000,0.522622,41.057900,241.092200,60.770500,357.418900
eledebtrain046.dat,6675.000000,42303.440000,0.522914,31.485900,60.389400,58.136100,314.461600
eledebtrain047.dat,-4995.000000,42293.140000,0.064687,9.182500,350.551200,101.391700,126.581900
eledebtrain047.dat,-4425.000000,42195.580000,0.074392,10.466800,270.167200,125.868100,115.374700
eledebtrain047.dat,-3455.000000,42265.680000,0.068205,12.703800,142.505600,153.884100,93.750400
eledebtrain047.dat,-1045.000000,42211.470000,0.066876,18.224800,136.439400,238.006100,50.656700
eledebtrain047.dat,-865.000000,42232.170000,0.061028,18.279300,117.166400,233.916800,49.584600
eledebtrain047.dat,1075.000000,42311.850000,0.066516,20.900600,177.766800,292.037900,23.744400
eledebtrain047.dat,5945.000000,42184.500000,0.070301,20.768200,147.999300,73.876100,323.840000
eledebtrain048.dat,-1845.000000,42335.160000,0.027473,15.443200,177.931200,137.026600,29.086000
eledebtrain048.dat,-1285.000000,42206.270000,0.036748,15.969400,116.973700,123.343100,22.908400
eledebtrain048.dat,-755.000000,42228.830000,0.033495,16.338700,349.846200,171.387700,16.379100
eledebtrain048.dat,895.000000,42205.540000,0.027568,16.232800,108.489900,179.417300,361.050100
eledebtrain048.dat,1835.000000,42201.200000,0.034225,16.105000,279.614400,244.029200,355.458000
eledebtrain048.dat,2975.000000,42317.770000,0.031144,15.179900,83.225500,270.722200,344.724700
eledebtrain048.dat,4085.000000,42207.150000,0.032695,14.295100,260.732400,304.613800,326.185600
eledebtrain048.dat,5005.000000,42195.460000,0.030949,13.275400,140.940900,290.954900,322.689200
eledebtrain048.dat,5185.000000,42248.990000,0.034965,13.060500,76.596000,326.246300,313.335400
eledebtrain048.dat,6045.000000,42181.460000,0.022712,11.776500,315.184900,334.487800,305.388500
eledebtrain048.dat,6335.000000,42190.430000,0.030278,11.210700,250.504900,4.932500,299.872100
eledebtrain048.dat,6855.000000,42209.410000,0.031351,9.961500,194.450000,354.480800,299.992200
eledebtrain049.dat,-1235.000000,42211.510000,0.022133,10.684300,336.549300,142.634200,13.447800
eledebtrain049.dat,-695.000000,42201.560000,0.010841,11.091800,239.324000,179.733600,9.097000
eledebtrain049.dat,-125.000000,42192.470000,0.021868,11.088400,181.666200,166.677100,4.757500
eledebtrain049.dat,805.000000,42244.470000,0.009385,10.882400,24.429700,219.041500,356.219100
eledebtrain049.dat,2305.000000,42314.120000,0.009528,10.048900,178.498800,245.584700,350.476300
eledebtrain049.dat,2935.000000,42227.350000,0.021002,9.734800,81.477100,259.008500,356.978700
eledebtrain049.dat,3245.000000,42181.600000,0.023274,9.961100,57.236700,257.463700,353.130700
eledebtrain049.dat,3675.000000,42310.520000,0.021842,9.756500,335.228000,274.340000,346.524700
eledebtrain049.dat,4135.000000,42252.480000,0.012012,9.700700,264.911100,301.161500,353.977400
eledebtrain049.dat,4695.000000,42237.330000,0.021190,9.439200,225.514700,268.602300,338.428800
eledebtrain049.dat,5235.000000,42241.190000,0.013479,9.280700,109.984500,322.595000,337.971000
eledebtrain049.dat,6475.000000,42288.010000,0.014111,8.183900,346.974100,304.635200,330.294300
eledebtrain049.dat,6765.000000,42214.370000,0.010239,7.800800,265.272600,346.643600,331.364200
eledebtrain049.dat,7135.000000,42277.890000,0.010507,7.464600,207.432500,363.370000,334.552600
eledebtrain050.dat,75.000000,42267.990000,0.108381,13.096800,70.009700,294.529900,12.324200
eledebtrain050.dat,785.000000,42277.730000,0.122206,13.113300,13.079300,303.530900,7.125000
eledebtrain050.dat,1575.000000,42184.270000,0.099809,13.026300,287.213800,336.582800,1.524600
eledebtrain051.dat,825.000000,42203.590000,0.266477,16.877800,195.828400,92.286700,350.071000
eledebtrain051.dat,2215.000000,42266.770000,0.028874,15.155900,100.557800,88.117800,5.808200
eledebtrain051.dat,3905.000000,42150.180000,0.457351,20.504600,46.808800,124.082800,5.676000
eledebtrain051.dat,4285.000000,42236.190000,0.390230,20.935500,112.923900,131.777300,0.792100
eledebtrain051.dat,4855.000000,42173.780000,0.500693,20.492500,316.576100,63.094900,350.106500
eledebtrain051.dat,5115.000000,42231.730000,0.127150,20.215100,59.666000,16.528300,350.805800
eledebtrain051.dat,5305.000000,42200.850000,0.527058,19.393200,6.620000,101.679000,346.164200
eledebtrain051.dat,5575.000000,42235.300000,0.500008,17.877100,112.622400,60.386200,342.896900
eledebtrain051.dat,6375.000000,42248.430000,0.537762,14.068300,248.637400,86.743300,342.690300
eledebtrain051.dat,6975.000000,42232.820000,0.385283,11.524700,87.610700,10.110000,357.127300
eledebtrain052.dat,-1075.000000,42330.610000,0.014890,16.495500,77.513000,170.824400,17.621900
eledebtrain052.dat,705.000000,42287.060000,0.063496,16.475700,0.201100,207.632700,352.068000
eledebtrain052.dat,2485.000000,42301.400000,0.084719,15.277500,306.424200,217.749900,340.687700
eledebtrain052.dat,3055.000000,42248.950000,0.017602,14.406600,217.534500,180.241000,332.694000
eledebtrain052.dat,3635.000000,42206.490000,0.080418,13.918000,2.344200,261.682100,338.691800
eledebtrain052.dat,5535.000000,42255.800000,0.067348,11.667200,232.308800,335.794600,318.245200
eledebtrain052.dat,6945.000000,42203.800000,0.089950,8.897000,275.894200,342.634600,300.250800
eledebtrain053.dat,625.000000,42251.880000,0.049539,5.799600,354.566300,312.648700,4.516300
eledebtrain053.dat,1065.000000,42185.810000,0.077001,5.764100,270.298400,312.737300,7.490200
eledebtrain053.dat,3525.000000,42242.750000,0.062948,7.713300,104.954100,29.440300,20.261400
eledebtrain053.dat,3815.000000,42282.760000,0.096239,7.957000,54.390600,27.423700,20.034800
eledebtrain053.dat,6185.000000,42237.300000,0.047836,10.142300,311.777600,70.433800,7.343600
eledebtrain053.dat,6705.000000,42270.300000,0.100839,10.227700,223.419800,73.277900,3.994800
eledebtrain054.dat,1655.000000,42176.990000,0.044346,10.942700,203.812700,55.186300,8.201900
eledebtrain054.dat,2005.000000,42195.250000,0.055434,10.829400,192.698500,48.926500,7.169900
eledebtrain054.dat,2355.000000,42176.330000,0.065329,10.796700,174.929300,44.014200,5.962300
eledebtrain054.dat,2665.000000,42302.120000,0.081673,10.851000,182.668400,16.830200,5.093200
eledebtrain054.dat,2845.000000,42188.310000,0.009708,11.268700,316.706600,226.699000,4.559900
eledebtrain054.dat,3035.000000,42282.860000,0.081013,11.357500,153.030800,24.208000,3.748700
eledebtrain054.dat,3215.000000,42166.820000,0.009112,11.414700,302.478400,230.176200,3.150400
eledebtrain054.dat,4335.000000,42329.340000,0.010235,11.793900,186.706600,270.423300,356.469300
eledebtrain054.dat,4535.000000,42186.200000,0.081567,11.798200,23.382700,63.249900,360.167100
eledebtrain054.dat,4765.000000,42209.220000,0.046892,11.758900,85.381700,354.073700,353.429400
eledebtrain054.dat,6435.000000,42282.850000,0.072853,11.205000,211.714100,129.321200,337.069400
eledebtrain054.dat,6715.000000,42316.630000,0.081839,10.863700,233.817400,90.185600,337.574000
eledebtrain054.dat,7145.000000,42212.800000,0.080542,10.288800,167.965100,132.438200,337.600900
eledebtrain055.dat,-1345.000000,42244.180000,0.071433,9.651000,272.988000,237.380300,23.050500
eledebtrain055.dat,1005.000000,42218.710000,0.069459,10.545700,278.381800,296.126500,8.789800
eledebtrain055.dat,1785.000000,42270.840000,0.072346,10.380800,158.428600,307.684200,5.680200
eledebtrain055.dat,2275.000000,42240.050000,0.071894,10.636900,81.750100,328.023300,3.888500
eledebtrain055.dat,3035.000000,42173.170000,0.070555,10.694200,322.788900,340.921100,1.006500
eledebtrain055.dat,4085.000000,42174.610000,0.073540,11.116800,171.697700,6.325800,350.115700
eledebtrain055.dat,5145.000000,42336.190000,0.071082,11.155800,10.566800,31.499800,345.684400
eledebtrain055.dat,6345.000000,42330.440000,0.074016,10.428500,185.226400,69.237500,342.605600
eledebtrain055.dat,6755.000000,42249.360000,0.072301,9.685200,120.704300,79.885700,330.861200
eledebtrain056.dat,-1165.000000,42204.360000,0.070599,12.191800,50.949100,99.134400,31.597100
eledebtrain057.dat,-1085.000000,42251.320000,0.161413,17.574200,164.203400,264.608800,15.100100
eledebtrain057.dat,-505.000000,42221.080000,0.059286,18.148600,178.172200,238.996400,8.059700
eledebtrain057.dat,-275.000000,42180.930000,0.126409,18.219000,95.182400,314.386300,5.598600
eledebtrain057.dat,235.000000,42237.590000,0.056008,18.154800,136.157700,263.987000,357.653600
eledebtrain057.dat,995.000000,42300.080000,0.074695,17.452900,97.893800,280.260600,346.200000
eledebtrain057.dat,1965.000000,42225.470000,0.118142,16.131200,339.598300,16.128200,346.449900
eledebtrain057.dat,3035.000000,42320.410000,0.148349,14.801200,303.787300,27.686900,336.957100
eledebtrain057.dat,3855.000000,42282.080000,0.085324,13.863200,236.346900,68.788600,324.611400
eledebtrain058.dat,-315.000000,42132.630000,0.607715,24.633900,353.969100,337.412300,346.025700
eledebtrain058.dat,75.000000,42201.560000,0.561508,20.167100,94.092900,349.778500,338.369100
eledebtrain058.dat,1325.000000,42166.780000,0.276740,9.208200,285.038800,210.278100,2.791600
eledebtrain058.dat,3025.000000,42173.040000,0.117295,26.708000,56.357500,288.666500,9.584700
eledebtrain058.dat,6525.000000,42254.640000,0.409690,17.876000,240.751100,146.238700,33.979200
eledebtrain058.dat,7085.000000,42235.620000,0.562432,24.852900,174.373600,66.181400,26.666800
eledebtrain059.dat,-355.000000,42186.860000,0.067391,15.686600,265.374400,236.257800,24.011300
eledebtrain059.dat,2045.000000,42296.200000,0.044046,16.735100,134.850400,186.453500,1.587200
eledebtrain059.dat,2435.000000,42298.970000,0.054820,16.729800,85.957700,205.057300,354.983700
eledebtrain059.dat,2965.000000,42278.740000,0.075411,16.273500,307.759000,304.315100,360.082900
eledebtrain059.dat,4515.000000,42269.550000,0.044464,15.680200,108.348100,21.228600,334.674100
eledebtrain059.dat,5275.000000,42263.470000,0.034855,15.026400,22.211600,52.401800,326.693900
eledebtrain059.dat,5715.000000,42256.220000,0.014306,14.716800,168.026800,227.094000,330.534700
eledebtrain059.dat,5915.000000,42304.310000,0.080527,14.256300,17.060500,9.854000,327.709700
eledebtrain059.dat,6265.000000,42233.390000,0.085780,13.581200,347.957500,8.023200,324.797000
eledebtrain059.dat,6455.000000,42218.240000,0.012184,13.244300,104.088500,244.803100,316.527900
eledebtrain059.dat,7175.000000,42288.650000,0.009900,11.657400,133.823800,162.056100,304.550300
eledebtrain060.dat,-4735.000000,42290.790000,0.054173,2.584000,175.022100,13.034300,207.591800
eledebtrain060.dat,-3025.000000,42322.990000,0.061798,4.297200,242.488700,137.453400,106.993500
eledebtrain060.dat,-1155.000000,42213.780000,0.061595,8.562800,266.549600,200.706100,67.123500
eledebtrain060.dat,-675.000000,42236.210000,0.058925,9.265500,176.149800,226.777100,60.485200
eledebtrain060.dat,665.000000,42239.290000,0.056150,11.780200,304.509800,253.849000,47.363200
eledebtrain060.dat,1195.000000,42211.690000,0.056593,12.583800,193.512900,283.956600,41.943100
eledebtrain060.dat,3215.000000,42234.880000,0.051476,15.428000,193.720900,331.529200,24.239400
eledebtrain060.dat,6485.000000,42335.070000,0.052916,16.965400,311.447200,69.600300,352.223700
eledebtrain060.dat,7215.000000,42238.720000,0.052904,16.024300,173.184600,89.239200,339.815800
eledebtrain061.dat,-3975.000000,42329.160000,0.114500,7.286800,248.774900,255.491400,83.042800
eledebtrain061.dat,-3715.000000,42279.290000,0.041711,8.219800,252.032700,188.449500,76.397500
eledebtrain061.dat,-2915.000000,42283.080000,0.088532,10.916600,335.969100,259.282500,65.586900
eledebtrain061.dat,-2345.000000,42260.000000,0.082142,12.972300,55.868200,31.490500,55.934500
eledebtrain061.dat,-1405.000000,42322.400000,0.109973,15.522000,242.616100,326.374200,42.740000
eledebtrain061.dat,-1225.000000,42241.880000,0.073713,15.677400,83.787800,69.119900,40.595700
eledebtrain061.dat,15.000000,42217.580000,0.061680,17.998400,226.180400,322.948800,25.500800
eledebtrain061.dat,425.000000,42226.560000,0.096140,18.591000,82.765400,356.851500,21.187000
eledebtrain061.dat,1455.000000,42318.480000,0.023799,19.340200,225.064400,291.223900,10.518500
eledebtrain061.dat,1935.000000,42197.670000,0.113004,19.246400,344.236000,48.400000,5.717500
eledebtrain061.dat,2675.000000,42268.120000,0.111405,19.612100,130.451200,66.301000,354.095000
eledebtrain061.dat,3885.000000,42247.680000,0.124998,19.086000,80.875200,148.222400,349.709100
eledebtrain061.dat,4465.000000,42314.610000,0.062688,18.889300,5.919300,67.087200,340.312100
eledebtrain061.dat,6475.000000,42239.500000,0.125952,15.197600,48.383300,215.394100,314.764500
eledebtrain062.dat,-145.000000,42321.210000,0.083919,13.851100,257.219800,173.959600,51.532100
eledebtrain062.dat,265.000000,42202.460000,0.097456,14.697100,182.575000,186.797100,46.499500
eledebtrain062.dat,725.000000,42244.120000,0.107558,15.622000,88.114500,219.431900,40.878400
eledebtrain062.dat,1295.000000,42332.760000,0.065445,16.213400,7.231800,212.411600,34.564400
eledebtrain062.dat,2765.000000,42284.460000,0.059625,18.197500,108.556600,253.796300,19.933400
eledebtrain062.dat,3985.000000,42215.780000,0.095072,19.315700,263.049300,292.282300,6.983100
eledebtrain062.dat,4195.000000,42228.760000,0.063024,19.499700,203.019100,315.141700,4.597100
eledebtrain062.dat,4465.000000,42226.280000,0.098780,19.600200,159.210600,330.392400,1.407900
eledebtrain062.dat,5685.000000,42294.430000,0.062800,19.721200,300.762400,1.159400,352.648600
eledebtrain063.dat,1325.000000,42223.770000,0.059007,14.948400,183.592100,319.759400,38.607200
eledebtrain063.dat,1705.000000,42184.490000,0.058335,15.472800,91.998300,327.718200,35.298400
eledebtrain063.dat,2255.000000,42310.650000,0.107754,16.033400,331.781300,334.446700,30.510500
eledebtrain063.dat,2515.000000,42280.130000,0.067048,16.493800,269.480100,333.074200,27.480500
eledebtrain063.dat,2955.000000,42321.500000,0.096306,17.056400,161.671600,346.851000,22.748300
eledebtrain063.dat,4185.000000,42299.730000,0.104640,18.378400,190.632500,41.731400,9.607500
eledebtrain063.dat,4465.000000,42262.430000,0.105712,18.730500,140.777500,30.384600,6.380900
eledebtrain063.dat,5065.000000,42335.190000,0.058893,19.411800,335.222800,59.148800,365.907000
eledebtrain063.dat,6665.000000,42330.570000,0.093648,18.269600,319.827600,89.929500,341.807800
eledebtrain063.dat,7225.000000,42227.150000,0.080318,17.704800,144.698100,137.266600,327.657100
eledebtrain064.dat,495.000000,42213.820000,0.526080,31.621200,74.514400,27.843600,16.612200
eledebtrain064.dat,1155.000000,42193.650000,0.492461,32.728300,0.340300,8.838200,357.833900
eledebtrain064.dat,1365.000000,42258.320000,0.122351,30.829200,258.435400,76.308700,351.254600
eledebtrain064.dat,1855.000000,42212.200000,0.446019,29.851900,259.046700,6.958500,337.916000
eledebtrain064.dat,2075.000000,42209.080000,0.161890,27.364900,132.303900,90.362900,335.718000
eledebtrain064.dat,3095.000000,42260.150000,0.384549,17.249100,344.410800,93.282500,303.930700
eledebtrain064.dat,4145.000000,42255.290000,0.468304,3.738100,201.188300,97.237300,282.024100
eledebtrain064.dat,4905.000000,42187.710000,0.412956,7.575400,76.837400,333.257900,56.544400
eledebtrain064.dat,5275.000000,42238.170000,0.393538,12.619500,17.139400,337.908900,52.912100
eledebtrain064.dat,5565.000000,42229.460000,0.519733,14.684700,4.935000,309.554300,53.886200
eledebtrain064.dat,6295.000000,42297.730000,0.520522,22.651000,248.892500,320.560800,33.745200
eledebtrain064.dat,6755.000000,42271.380000,0.280688,26.666400,134.881500,7.386000,21.719600
eledebtrain065.dat,-3055.000000,42194.580000,0.095774,16.423900,65.618500,224.749500,35.942800
eledebtrain065.dat,-1085.000000,42291.590000,0.175923,19.567800,262.546800,294.742000,11.216900
eledebtrain065.dat,1975.000000,42193.320000,0.150419,16.784400,8.424400,46.775700,336.867700
eledebtrain065.dat,2535.000000,42295.230000,0.105975,15.996600,15.539400,14.978700,324.585500
eledebtrain065.dat,3715.000000,42229.400000,0.157174,14.157100,281.651100,57.962200,322.780600
eledebtrain065.dat,4645.000000,42310.430000,0.101960,12.022800,161.473500,127.492200,308.413600
eledebtrain065.dat,7275.000000,42188.360000,0.081820,5.173600,347.149100,203.963300,271.019200
eledebtrain066.dat,-395.000000,41933.400000,0.121137,38.187600,111.388700,113.226600,20.210500
eledebtrain066.dat,215.000000,41978.290000,0.473436,33.927600,169.055300,113.847000,307.128200
eledebtrain066.dat,1605.000000,41999.080000,0.039479,42.189800,316.267200,269.678700,9.371100
eledebtrain066.dat,1805.000000,41841.550000,0.806756,43.383800,25.738100,248.633900,347.566200
eledebtrain066.dat,4295.000000,41834.690000,0.356183,31.262300,272.133100,312.129100,297.051600
eledebtrain066.dat,5995.000000,41799.400000,0.674860,44.607300,335.080500,129.079300,335.018500
eledebtrain066.dat,6195.000000,41799.940000,0.247471,32.415200,39.828500,227.675300,314.442300
eledebtrain066.dat,7155.000000,41891.890000,0.523869,32.236600,173.104200,15.689900,68.623400
eledebtrain067.dat,-1375.000000,42256.850000,0.027939,11.461900,136.493300,52.077100,312.410700
eledebtrain067.dat,-685.000000,42279.850000,0.072557,11.882100,249.102700,216.086300,47.503300
eledebtrain067.dat,-125.000000,42163.630000,0.648230,24.429700,28.109600,107.013000,41.094800
eledebtrain067.dat,955.000000,42212.670000,0.561493,32.603800,102.312600,123.073500,342.806600
eledebtrain067.dat,6015.000000,42210.310000,0.425941,8.439400,242.778800,85.959200,54.153000
eledebtrain068.dat,1345.000000,42264.150000,0.208784,18.001200,200.180100,149.393400,9.320200
eledebtrain068.dat,2175.000000,42348.490000,0.146000,18.278900,258.879200,195.710400,1.033100
eledebtrain068.dat,2585.000000,42307.120000,0.099037,18.204300,120.793700,207.196600,353.662800
eledebtrain068.dat,4245.000000,42263.310000,0.187097,17.477600,334.516800,197.843100,344.320600
eledebtrain068.dat,4545.000000,42260.720000,0.116309,17.483300,250.662400,191.393800,338.873200
eledebtrain068.dat,5785.000000,42312.710000,0.211461,15.376200,166.139300,255.318400,320.848000
eledebtrain068.dat,6445.000000,42227.130000,0.159970,14.255300,329.890300,256.814600,311.487500
eledebtrain068.dat,6915.000000,42272.000000,0.210827,13.089200,143.926500,299.211900,307.190800
eledebtrain069.dat,-3055.000000,42246.800000,0.129246,8.991600,292.597500,133.268000,37.643700
eledebtrain069.dat,-1775.000000,42215.940000,0.068777,11.686000,306.978400,220.097200,26.811200
eledebtrain070.dat,1915.000000,42164.890000,0.100812,15.828200,54.936600,316.946200,5.736800
eledebtrain070.dat,3055.000000,42207.340000,0.068144,16.243900,316.137600,0.296900,358.830200
eledebtrain070.dat,3505.000000,42223.180000,0.035342,16.168200,102.613300,197.156700,351.965900
eledebtrain070.dat,3725.000000,42278.630000,0.140369,15.921400,315.263700,333.554700,356.365500
eledebtrain070.dat,3915.000000,42245.850000,0.080048,16.095000,43.076000,238.225500,349.611700
eledebtrain070.dat,5235.000000,42302.190000,0.114537,14.901700,193.766100,23.157600,343.331400
eledebtrain070.dat,5475.000000,42183.440000,0.146160,14.750000,247.832000,313.481100,342.632400
eledebtrain070.dat,6995.000000,42287.260000,0.158005,11.592100,127.139700,13.822200,321.181300
eledebtrain071.dat,-4385.000000,42247.850000,0.290560,23.256100,53.340900,221.722100,68.024700
eledebtrain071.dat,-3675.000000,42297.310000,0.276031,27.785800,130.314100,226.475300,52.510500
eledebtrain071.dat,-2125.000000,42235.540000,0.274951,34.657400,159.075800,304.692100,19.248200
eledebtrain071.dat,-1185.000000,42329.490000,0.185122,36.255500,203.284000,244.648100,1.949400
eledebtrain071.dat,5015.000000,42310.790000,0.134737,6.983800,177.242400,91.647400,158.011700
eledebtrain072.dat,3725.000000,42308.450000,0.032828,18.646800,82.807900,67.938500,20.304900
eledebtrain072.dat,5515.000000,42244.970000,0.029800,20.508700,62.426700,129.984400,360.992300
eledebtrain073.dat,465.000000,42328.010000,0.057080,15.187300,98.968800,22.151800,17.792400
eledebtrain073.dat,1465.000000,42329.700000,0.117244,15.897900,244.011700,247.249500,11.127300
eledebtrain073.dat,1695.000000,42239.800000,0.142231,16.300700,257.211900,156.812800,9.501000
eledebtrain073.dat,2185.000000,42221.340000,0.134405,16.467800,354.434000,248.877900,6.166100
eledebtrain073.dat,2565.000000,42223.450000,0.125291,16.790300,210.201700,264.047100,3.721600
eledebtrain073.dat,2965.000000,42218.210000,0.101638,16.490500,42.175500,290.080400,0.976800
eledebtrain073.dat,4675.000000,42225.770000,0.152309,16.359300,239.544400,231.536900,341.684200
eledebtrain073.dat,5285.000000,42331.340000,0.060000,16.253300,126.657100,128.905000,346.260600
eledebtrain073.dat,5695.000000,42252.680000,0.092943,15.443500,288.621900,186.756700,339.886100
eledebtrain073.dat,6545.000000,42309.970000,0.159519,13.656100,261.821000,287.336000,324.820600
eledebtrain073.dat,7005.000000,42239.510000,0.126723,12.305100,34.960200,356.080400,330.639100
eledebtrain073.dat,7255.000000,42226.080000,0.147173,11.851300,23.328600,281.818100,325.806300
eledebtrain074.dat,-2725.000000,42205.490000,0.072393,11.234800,203.604000,355.560500,70.869600
eledebtrain074.dat,-2235.000000,42312.220000,0.038470,12.488300,183.387500,342.588000,62.325500
eledebtrain074.dat,-1335.000000,42246.940000,0.085958,14.001700,100.846700,11.300800,48.914000
eledebtrain074.dat,-1035.000000,42315.940000,0.066916,14.632300,88.439400,5.157900,45.513000
eledebtrain074.dat,55.000000,42261.490000,0.055913,16.464400,344.405900,34.678600,32.156400
eledebtrain074.dat,2005.000000,42195.240000,0.081991,17.569500,142.043000,104.465000,12.802900
eledebtrain074.dat,3875.000000,42204.280000,0.080437,18.316800,318.900500,154.905700,355.034600
eledebtrain074.dat,5125.000000,42201.240000,0.052983,18.229900,170.922700,216.761400,337.057600
eledebtrain074.dat,5365.000000,42180.250000,0.082113,17.634900,175.068700,202.172900,336.292800
eledebtrain074.dat,6565.000000,42304.030000,0.070001,16.535900,38.265400,256.305400,322.544200
eledebtrain074.dat,6975.000000,42181.280000,0.056349,15.511900,351.046400,275.894500,316.496900
eledebtrain075.dat,45.000000,42226.010000,0.060413,30.419700,170.520700,100.773500,21.086600
eledebtrain075.dat,2825.000000,42186.030000,0.406761,23.845400,314.917100,185.088500,320.580600
eledebtrain075.dat,3375.000000,42225.380000,0.243542,20.218300,142.056600,127.787500,307.129200
eledebtrain075.dat,3685.000000,42219.540000,0.070527,16.686200,192.020500,149.224800,306.395700
eledebtrain075.dat,5785.000000,42207.230000,0.292482,6.273900,200.800000,86.166700,81.337700
eledebtrain075.dat,7245.000000,42203.290000,0.303243,20.102000,136.960500,121.071200,47.638500
eledebtrain076.dat,3105.000000,42216.290000,0.324647,4.403800,68.890600,184.350200,306.664500
eledebtrain076.dat,4905.000000,42216.110000,0.273791,15.705900,9.222500,74.142000,49.256100
eledebtrain077.dat,-2625.000000,42347.660000,0.725161,14.432600,138.824000,299.394300,295.093100
eledebtrain077.dat,-1755.000000,42359.700000,0.280214,24.552200,291.407300,252.370400,29.451100
eledebtrain077.dat,-1035.000000,42308.320000,0.026667,28.125300,149.300100,107.253300,344.742200
eledebtrain077.dat,-535.000000,42239.390000,0.789480,18.446700,21.750600,162.930300,315.394700
eledebtrain077.dat,-275.000000,42295.920000,0.523988,9.889500,216.861400,116.044700,308.137700
eledebtrain077.dat,185.000000,42318.520000,0.784133,19.140900,135.668700,42.365200,56.445000
eledebtrain077.dat,1195.000000,42290.390000,0.788269,30.676800,81.232400,32.507300,346.070100
eledebtrain077.dat,1595.000000,42283.110000,0.691565,17.848600,105.850600,70.291000,308.646800
eledebtrain077.dat,1935.000000,42325.410000,0.698326,4.898900,224.113600,72.001400,287.418000
eledebtrain077.dat,2225.000000,42265.750000,0.771405,8.703900,62.015800,240.992800,76.094200
eledebtrain077.dat,4865.000000,42322.280000,0.511800,16.368900,153.117500,47.805400,44.209000
eledebtrain077.dat,5215.000000,42231.520000,0.545223,27.722800,285.085600,43.099400,30.643600
eledebtrain077.dat,5635.000000,42228.900000,0.770181,32.628400,324.328700,79.663700,2.462400
eledebtrain077.dat,5955.000000,42317.640000,0.751097,29.614800,140.788200,66.356300,339.443100
eledebtrain078.dat,625.000000,42335.580000,0.062508,17.160600,41.594200,42.075400,0.639600
eledebtrain078.dat,1165.000000,42175.120000,0.067183,17.066400,318.158200,51.747500,360.855000
eledebtrain078.dat,1405.000000,42193.540000,0.061620,17.094500,281.093000,61.915500,352.922900
eledebtrain078.dat,2325.000000,42323.100000,0.069411,16.289000,132.035900,85.942400,343.499300
eledebtrain078.dat,5355.000000,42332.270000,0.071193,12.788000,14.759500,172.793900,317.459100
eledebtrain078.dat,5945.000000,42173.530000,0.066831,12.077500,288.448400,183.224000,302.637300
eledebtrain078.dat,6745.000000,42286.670000,0.068137,10.625800,164.201600,204.303500,300.757300
eledebtrain078.dat,7015.000000,42265.260000,0.061518,9.983100,122.764400,216.578300,289.987700
eledebtrain079.dat,-1035.000000,42201.530000,0.083047,16.138000,315.986500,303.470600,25.713700
eledebtrain079.dat,1455.000000,42266.380000,0.065751,17.395700,26.178800,297.902600,354.589500
eledebtrain079.dat,2115.000000,42237.620000,0.024456,16.857300,21.754900,224.202000,354.867200
eledebtrain079.dat,4275.000000,42301.760000,0.043867,15.385000,190.128500,159.616900,333.641200
eledebtrain079.dat,6235.000000,42292.490000,0.039615,12.685200,96.013700,26.038700,318.195400
eledebtrain080.dat,-1135.000000,42285.470000,0.157978,34.732900,38.575500,330.491600,346.777900
eledebtrain080.dat,-435.000000,42262.570000,0.110051,28.426800,206.104900,329.607500,321.739100
eledebtrain080.dat,-135.000000,42272.830000,0.175063,22.968500,332.928700,115.530700,311.093300
eledebtrain080.dat,575.000000,42246.760000,0.186891,8.382300,145.123700,125.519900,284.462800
eledebtrain080.dat,965.000000,42235.680000,0.027662,0.370700,66.961200,351.965500,32.494600
eledebtrain080.dat,2535.000000,42277.790000,0.535928,32.701100,76.891800,241.185300,39.230900
eledebtrain080.dat,3365.000000,42274.930000,0.390889,38.207000,131.384400,308.466100,0.306300
eledebtrain080.dat,5175.000000,42289.550000,0.228321,17.384700,333.970700,338.787800,290.682800
eledebtrain080.dat,6195.000000,42234.330000,0.444331,6.614300,91.441500,125.430500,99.606400
eledebtrain080.dat,6745.000000,42274.910000,0.430707,18.694000,41.539400,58.760200,75.099600
eledebtrain080.dat,7195.000000,42260.100000,0.573793,26.268600,224.310800,117.004800,52.152600
eledebtrain081.dat,-1575.000000,42289.570000,0.275897,24.108900,142.247900,192.460900,15.203500
eledebtrain081.dat,-815.000000,42245.720000,0.339533,25.551000,173.277000,218.938700,2.526200
eledebtrain081.dat,1335.000000,42172.610000,0.272583,18.105800,343.820800,222.938900,330.729000
eledebtrain081.dat,3505.000000,42250.300000,0.223537,6.812200,155.943700,180.027100,3.416000
eledebtrain081.dat,4185.000000,42256.940000,0.083833,9.966100,242.898900,123.236500,27.671500
eledebtrain081.dat,4755.000000,42214.780000,0.352383,13.954200,165.253000,233.654800,32.798800
eledebtrain081.dat,5065.000000,42288.640000,0.386311,15.246300,218.414100,206.736700,29.266100
eledebtrain081.dat,5595.000000,42238.640000,0.078518,18.164600,159.382500,311.610300,24.956700
eledebtrain081.dat,5895.000000,42261.840000,0.264657,19.820000,223.975200,264.546000,22.062200
eledebtrain081.dat,6495.000000,42231.310000,0.366458,21.358600,340.998200,205.610600,13.911600
eledebtrain081.dat,6825.000000,42228.900000,0.312611,22.053300,20.026500,192.481100,9.464500
eledebtrain082.dat,-4145.000000,42203.650000,0.092304,8.575500,51.013800,239.893600,33.598300
eledebtrain082.dat,-3675.000000,42239.150000,0.100913,9.184600,307.997000,250.021300,32.330800
eledebtrain082.dat,-3295.000000,42261.250000,0.101137,9.945600,229.712700,253.165700,30.092800
eledebtrain082.dat,-1825.000000,42244.650000,0.099142,11.655900,291.586800,296.386800,18.068800
eledebtrain082.dat,-425.000000,42280.750000,0.085858,12.540600,351.654700,327.838600,4.718100
eledebtrain082.dat,-135.000000,42250.380000,0.085399,12.673400,291.639900,345.260500,2.201800
eledebtrain082.dat,245.000000,42213.780000,0.085803,12.404700,214.190300,351.455300,359.381800
eledebtrain082.dat,555.000000,42308.350000,0.090450,11.945600,146.342500,8.976500,359.248400
eledebtrain082.dat,1165.000000,42331.740000,0.095882,11.879400,23.092100,18.951900,358.898900
eledebtrain082.dat,2005.000000,42184.320000,0.094025,10.939500,200.577900,46.925600,343.386700
eledebtrain082.dat,2465.000000,42270.500000,0.085643,10.611500,107.782500,54.796600,342.547700
eledebtrain082.dat,3685.000000,42286.650000,0.089867,9.964600,222.715700,76.534100,342.237800
eledebtrain082.dat,5475.000000,42257.520000,0.087419,8.813000,205.399600,124.447200,333.545000
eledebtrain083.dat,-245.000000,42207.490000,0.086437,21.251500,77.010900,208.858100,27.239900
eledebtrain083.dat,1115.000000,42227.060000,0.097318,21.521200,176.332900,254.416600,10.270600
eledebtrain084.dat,2215.000000,42281.970000,0.055538,7.896200,237.217600,126.024000,283.856600
eledebtrain084.dat,3275.000000,42314.980000,0.071834,4.693400,154.932800,93.594500,84.674300
eledebtrain084.dat,6805.000000,42242.220000,0.366391,29.957300,97.168800,117.258800,6.340100
eledebtrain085.dat,-4085.000000,42305.480000,0.199401,23.970200,339.300300,114.067500,40.777800
eledebtrain085.dat,-2875.000000,42278.570000,0.144267,29.873500,44.373300,24.783200,18.250400
eledebtrain085.dat,-945.000000,42299.420000,0.345505,30.299900,62.797700,104.054100,342.809200
eledebtrain085.dat,-425.000000,42324.490000,0.187460,27.802300,174.622100,184.415900,328.316000
eledebtrain085.dat,-225.000000,42331.060000,0.329645,27.869300,183.627100,113.949100,326.304200
eledebtrain085.dat,5.000000,42284.580000,0.025578,26.251400,112.274300,112.011500,321.572500
eledebtrain085.dat,285.000000,42252.190000,0.243370,24.067800,306.170900,187.068200,318.857500
eledebtrain085.dat,1535.000000,42212.560000,0.206086,15.184300,342.196200,128.913500,286.958500
eledebtrain085.dat,1785.000000,42248.140000,0.142445,11.959900,159.025700,235.641900,276.775300
eledebtrain085.dat,2355.000000,42202.900000,0.366107,7.911600,39.348300,190.840500,260.368300
eledebtrain085.dat,2945.000000,42205.530000,0.059402,3.005900,248.236300,209.306300,206.461200
eledebtrain085.dat,4075.000000,42285.940000,0.148784,9.519900,242.938100,331.687800,86.005200
eledebtrain085.dat,5365.000000,42216.090000,0.310486,20.635900,92.779600,88.868300,55.592800
eledebtrain085.dat,5755.000000,42293.890000,0.283639,22.981800,309.200100,108.827200,45.575600
eledebtrain085.dat,6315.000000,42250.950000,0.246482,25.799400,209.430500,42.854600,34.788000
eledebtrain086.dat,4095.000000,42109.430000,0.660043,14.775400,43.670900,246.449700,76.228300
eledebtrain086.dat,4755.000000,42173.990000,0.716049,34.912700,115.051800,247.704200,7.614100
eledebtrain086.dat,6865.000000,42158.740000,0.158793,35.518300,162.837400,138.921100,356.959300
eledebtrain087.dat,1475.000000,42331.920000,0.101007,16.676300,182.573700,198.042300,4.757200
eledebtrain087.dat,2015.000000,42331.770000,0.099582,17.115000,100.618300,211.258700,365.833300
eledebtrain087.dat,2335.000000,42197.850000,0.100802,17.034000,50.676100,215.647200,363.338300
eledebtrain087.dat,2775.000000,42273.970000,0.103677,16.492900,340.190900,231.640700,355.948100
eledebtrain087.dat,4105.000000,42283.980000,0.100682,16.548400,136.661600,268.810200,333.360800
eledebtrain087.dat,4355.000000,42333.640000,0.107910,16.344000,104.259600,275.609600,341.165800
eledebtrain087.dat,4535.000000,42229.830000,0.101389,16.185100,76.283700,280.667200,335.489000
eledebtrain087.dat,4875.000000,42298.460000,0.102105,15.570600,23.352400,284.970100,334.326100
eledebtrain087.dat,5065.000000,42239.860000,0.109883,15.752500,363.532500,296.837800,331.718500
eledebtrain087.dat,6305.000000,42332.350000,0.105421,14.031800,165.750200,329.949800,319.987800
eledebtrain087.dat,6515.000000,42191.520000,0.106369,13.473200,136.970400,338.845100,314.012300
eledebtrain087.dat,6705.000000,42295.130000,0.105963,13.499100,107.710300,343.323100,310.470600
eledebtrain087.dat,6895.000000,42217.150000,0.110647,13.101600,81.779900,347.523500,311.309800
eledebtrain088.dat,-905.000000,42308.890000,0.019178,12.883100,331.275800,23.199900,18.851600
eledebtrain088.dat,5.000000,42284.970000,0.018468,13.151600,163.525500,337.305300,10.339300
eledebtrain088.dat,655.000000,42308.570000,0.008293,12.873100,310.604600,48.175900,4.955400
eledebtrain088.dat,985.000000,42186.340000,0.014805,12.845500,202.346600,74.452000,2.484400
eledebtrain088.dat,2075.000000,42297.600000,0.019992,12.582600,282.826800,99.206300,361.229700
eledebtrain088.dat,2915.000000,42291.720000,0.008415,12.599700,119.440000,71.641500,346.867900
eledebtrain088.dat,4655.000000,42182.670000,0.023049,11.662900,361.378300,158.405900,338.632200
eledebtrain088.dat,5075.000000,42341.930000,0.015349,11.795000,244.537600,172.298800,341.671800
eledebtrain088.dat,5425.000000,42266.420000,0.019646,11.291400,152.347800,186.765500,326.915800
eledebtrain088.dat,6125.000000,42263.660000,0.025312,10.493100,348.739500,187.991400,328.551400
eledebtrain089.dat,-2555.000000,42194.670000,0.022000,10.744900,238.808800,304.358700,46.052600
eledebtrain089.dat,-2165.000000,42334.940000,0.023190,11.431900,164.049800,324.032500,41.849300
eledebtrain089.dat,-1985.000000,42195.130000,0.020078,11.597700,115.265400,350.176500,38.993000
eledebtrain089.dat,-435.000000,42284.020000,0.017509,13.383900,185.442200,21.215200,22.046800
eledebtrain089.dat,-205.000000,42175.640000,0.024223,13.604700,143.616800,31.052300,20.520200
eledebtrain089.dat,865.000000,42195.320000,0.025323,13.753600,307.055600,51.328900,10.644600
eledebtrain089.dat,1475.000000,42172.560000,0.019393,13.887500,196.914500,63.913200,6.090500
eledebtrain089.dat,4645.000000,42293.780000,0.023949,13.772700,298.871100,158.211400,342.385100
eledebtrain089.dat,6645.000000,42212.960000,0.017236,11.845400,288.327800,211.283000,319.317800
eledebtrain089.dat,7205.000000,42326.870000,0.024193,10.529700,182.909700,221.258200,318.002000
eledebtrain090.dat,-3175.000000,42206.740000,0.140906,9.783800,187.947200,21.597100,29.959600
eledebtrain090.dat,-1815.000000,42186.560000,0.029721,12.581900,309.088000,361.507500,21.804800
eledebtrain090.dat,-985.000000,42194.570000,0.120235,13.641500,96.698700,53.776500,14.356800
eledebtrain090.dat,-465.000000,42203.230000,0.116263,13.682900,274.304700,135.086900,10.475600
eledebtrain090.dat,705.000000,42208.200000,0.065542,13.488500,360.039800,186.263400,1.330500
eledebtrain090.dat,2335.000000,42321.210000,0.097632,12.982500,113.958000,116.361100,355.072200
eledebtrain090.dat,3115.000000,42273.750000,0.122467,12.585200,288.929000,151.659400,351.700200
eledebtrain090.dat,3895.000000,42282.320000,0.137119,12.000800,105.078000,183.869500,351.604200
eledebtrain090.dat,4125.000000,42217.600000,0.025691,12.078500,112.030300,129.047800,340.728600
eledebtrain090.dat,4715.000000,42312.110000,0.131083,11.481100,243.542000,236.384600,342.297500
eledebtrain090.dat,6455.000000,42193.630000,0.116829,9.318000,289.695200,223.937700,332.246500
eledebtrain090.dat,7265.000000,42268.080000,0.145796,7.966100,84.751700,269.118500,325.417300
eledebtrain091.dat,-925.000000,42274.850000,0.041624,27.719300,87.655200,88.132800,23.585800
eledebtrain091.dat,-455.000000,42184.380000,0.147501,28.472800,281.476500,205.370700,16.108000
eledebtrain091.dat,455.000000,42220.430000,0.118424,28.796200,56.145400,334.763500,2.093800
eledebtrain091.dat,1515.000000,42237.050000,0.161839,28.303900,315.756600,325.825500,343.958500
eledebtrain091.dat,1785.000000,42170.990000,0.169011,27.831700,335.116800,273.134500,338.181100
eledebtrain091.dat,3455.000000,42255.850000,0.058147,23.662100,350.861900,84.568000,320.931000
eledebtrain091.dat,3835.000000,42198.840000,0.045531,22.513700,282.255000,110.250000,317.758200
eledebtrain091.dat,4845.000000,42312.960000,0.152653,18.310200,249.503600,48.281400,296.867000
eledebtrain091.dat,6095.000000,42286.570000,0.045138,13.073600,267.163100,286.730000,269.335800
eledebtrain091.dat,6675.000000,42205.690000,0.151707,10.598600,38.837600,100.310200,252.410200
eledebtrain091.dat,7195.000000,42236.850000,0.036904,8.397200,145.923200,316.510200,235.218700
eledebtrain092.dat,1645.000000,42326.560000,0.097478,11.986600,131.766300,181.297200,36.772900
eledebtrain092.dat,2085.000000,42285.080000,0.105793,12.391400,33.245200,192.866800,32.620200
eledebtrain092.dat,5615.000000,42288.060000,0.100528,16.134200,292.306200,285.748500,353.480000
eledebtrain092.dat,6395.000000,42212.800000,0.099748,15.768700,113.122800,306.444300,346.873100
eledebtrain092.dat,6795.000000,42248.880000,0.100116,15.711000,20.973500,317.431500,342.000900
eledebtrain093.dat,1865.000000,42214.690000,0.093455,11.189700,88.150000,37.021500,353.959400
eledebtrain093.dat,3285.000000,42345.160000,0.063108,10.567400,71.337500,75.351000,343.379500
eledebtrain093.dat,4955.000000,42298.490000,0.119484,9.374100,346.562100,129.840700,341.069400
eledebtrain093.dat,7165.000000,42253.130000,0.117489,6.606600,134.553100,173.360000,323.625300
eledebtrain094.dat,715.000000,42256.870000,0.011344,16.771000,150.714600,273.535600,0.795500
eledebtrain094.dat,1965.000000,42335.360000,0.005834,16.375800,173.076700,27.295900,344.210000
eledebtrain094.dat,4135.000000,42259.310000,0.010058,14.749400,140.209700,43.218700,323.625300
eledebtrain094.dat,5005.000000,42230.100000,0.002100,13.410100,200.086700,190.559800,323.945600
eledebtrain094.dat,5835.000000,42308.050000,0.007295,12.362000,255.721000,347.887800,314.482500
eledebtrain094.dat,7185.000000,42268.030000,0.005287,9.789500,204.121000,179.489000,293.234300
eledebtrain095.dat,2245.000000,42257.000000,0.006011,16.608200,257.036300,266.945900,11.761100
eledebtrain095.dat,4785.000000,42270.830000,0.024290,17.484900,190.739700,287.955900,351.940400
eledebtrain096.dat,-95.000000,42269.020000,0.499946,32.824100,0.337700,176.018100,344.681600
eledebtrain096.dat,305.000000,42286.870000,0.410901,29.343000,90.451700,194.230900,332.290600
eledebtrain096.dat,2835.000000,42301.830000,0.393619,5.780700,322.219900,51.513400,93.311100
eledebtrain096.dat,3015.000000,42229.330000,0.366755,5.599200,292.691800,0.042200,72.882000
eledebtrain096.dat,4885.000000,42293.100000,0.490049,30.119100,185.040100,50.247100,28.586500
eledebtrain097.dat,-5.000000,42185.740000,0.083657,17.458700,204.344500,7.831100,7.426900
eledebtrain097.dat,1195.000000,42226.000000,0.128677,17.305000,24.248400,51.825900,357.346100
eledebtrain097.dat,1525.000000,42284.140000,0.108991,17.153600,353.887400,52.868400,353.981100
eledebtrain097.dat,1845.000000,42304.020000,0.080078,16.920300,305.840500,61.184900,346.479200
eledebtrain097.dat,2345.000000,42285.490000,0.136728,16.233300,218.233900,91.440900,348.973800
eledebtrain097.dat,2655.000000,42326.550000,0.117872,15.901900,195.147600,84.200400,335.351400
eledebtrain097.dat,3235.000000,42264.970000,0.080282,15.205200,80.707300,131.931700,339.508000
eledebtrain097.dat,3865.000000,42222.790000,0.133950,14.942800,7.100300,136.122600,333.536000
eledebtrain097.dat,4765.000000,42269.290000,0.065708,13.503100,252.216500,154.383700,326.450100
eledebtrain097.dat,5455.000000,42228.220000,0.084103,12.508500,137.785600,194.761000,312.516700
eledebtrain097.dat,5925.000000,42183.840000,0.078253,11.554500,114.848900,170.275700,313.384000
eledebtrain097.dat,6185.000000,42255.650000,0.091681,11.213400,43.186400,219.646600,306.592900
eledebtrain097.dat,6525.000000,42216.000000,0.109994,10.379100,1.125600,228.000900,305.190900
eledebtrain098.dat,1505.000000,42267.570000,0.206973,15.000600,103.094000,284.435800,350.219100
eledebtrain098.dat,1905.000000,42189.300000,0.142809,14.824400,121.095500,305.881100,352.819100
eledebtrain098.dat,2195.000000,42279.120000,0.272419,14.509500,183.104800,270.968300,351.371200
eledebtrain098.dat,3135.000000,42230.930000,0.145714,13.773800,340.986600,196.215700,349.351900
eledebtrain098.dat,3415.000000,42196.330000,0.058872,13.622700,229.864100,336.713000,351.502900
eledebtrain098.dat,4135.000000,42236.760000,0.098912,13.068100,288.210300,333.715300,356.389600
eledebtrain098.dat,4425.000000,42209.920000,0.250171,12.937000,352.732200,295.664800,349.912600
eledebtrain098.dat,4885.000000,42224.070000,0.068589,12.683600,352.076700,342.645100,352.662600
eledebtrain098.dat,5635.000000,42269.310000,0.039070,12.194400,45.506900,357.450300,352.988600
eledebtrain098.dat,5815.000000,42262.700000,0.292328,12.069300,148.453600,270.506800,353.172100
eledebtrain098.dat,6345.000000,42225.760000,0.103464,11.550900,109.216800,350.650200,357.859700
eledebtrain098.dat,6545.000000,42192.600000,0.288694,11.278400,211.545200,274.069000,356.000300
eledebtrain098.dat,6805.000000,42158.560000,0.111965,11.011200,284.538400,219.102000,349.806500
eledebtrain098.dat,7265.000000,42208.270000,0.274204,10.612900,281.537200,268.748600,360.467100
eledebtrain099.dat,-3035.000000,42298.290000,0.016480,13.647200,19.788400,257.853400,29.900900
eledebtrain100.dat,-235.000000,42249.880000,0.149785,20.255700,79.314300,360.505000,356.346700
